{
  "NetworkId": "2D-mesh",
  "RequestModels": [
    { "Id": "gamma", "Model": "gamma", "ParameterKeys": ["K", "Theta"], "Parameters": [0.475, 170.6067] },
    { "Id": "zipf", "Model": "zipf", "ParameterKeys": ["Skewness"], "Parameters": [0.679] }
    ],
  "OriginServer": { "Id": "origin", "LibrarySize": 1000 },
  "CacheServers": [
    { "Id": "node1", "CacheAlgorithm": "iclfu", "ParameterKeys": ["Capacity"], "Parameters": [100] },
    { "Id": "node2", "CacheAlgorithm": "iclfu", "ParameterKeys": ["Capacity"], "Parameters": [100] },
    { "Id": "node3", "CacheAlgorithm": "iclfu", "ParameterKeys": ["Capacity"], "Parameters": [100] },
    { "Id": "node4", "CacheAlgorithm": "iclfu", "ParameterKeys": ["Capacity"], "Parameters": [100] },
    { "Id": "node5", "CacheAlgorithm": "iclfu", "ParameterKeys": ["Capacity"], "Parameters": [100] },
    { "Id": "node6", "CacheAlgorithm": "iclfu", "ParameterKeys": ["Capacity"], "Parameters": [100] },
    { "Id": "node7", "CacheAlgorithm": "iclfu", "ParameterKeys": ["Capacity"], "Parameters": [100] },
    { "Id": "node8", "CacheAlgorithm": "iclfu", "ParameterKeys": ["Capacity"], "Parameters": [100] },
    { "Id": "node9", "CacheAlgorithm": "iclfu", "ParameterKeys": ["Capacity"], "Parameters": [100] },
    { "Id": "node10", "CacheAlgorithm": "iclfu", "ParameterKeys": ["Capacity"], "Parameters": [100] },
    { "Id": "node11", "CacheAlgorithm": "iclfu", "ParameterKeys": ["Capacity"], "Parameters": [100] },
    { "Id": "node12", "CacheAlgorithm": "iclfu", "ParameterKeys": ["Capacity"], "Parameters": [100] },
    { "Id": "node13", "CacheAlgorithm": "iclfu", "ParameterKeys": ["Capacity"], "Parameters": [100] },
    { "Id": "node14", "CacheAlgorithm": "iclfu", "ParameterKeys": ["Capacity"], "Parameters": [100] },
    { "Id": "node15", "CacheAlgorithm": "iclfu", "ParameterKeys": ["Capacity"], "Parameters": [100] },
    { "Id": "node16", "CacheAlgorithm": "iclfu", "ParameterKeys": ["Capacity"], "Parameters": [100] },
    { "Id": "node17", "CacheAlgorithm": "iclfu", "ParameterKeys": ["Capacity"], "Parameters": [100] },
    { "Id": "node18", "CacheAlgorithm": "iclfu", "ParameterKeys": ["Capacity"], "Parameters": [100] },
    { "Id": "node19", "CacheAlgorithm": "iclfu", "ParameterKeys": ["Capacity"], "Parameters": [100] },
    { "Id": "node20", "CacheAlgorithm": "iclfu", "ParameterKeys": ["Capacity"], "Parameters": [100] },
    { "Id": "node21", "CacheAlgorithm": "iclfu", "ParameterKeys": ["Capacity"], "Parameters": [100] },
    { "Id": "node22", "CacheAlgorithm": "iclfu", "ParameterKeys": ["Capacity"], "Parameters": [100] },
    { "Id": "node23", "CacheAlgorithm": "iclfu", "ParameterKeys": ["Capacity"], "Parameters": [100] },
    { "Id": "node24", "CacheAlgorithm": "iclfu", "ParameterKeys": ["Capacity"], "Parameters": [100] }
  ],
  "Links": [
    { "EdgeNodeIds": ["node1", "node2"], "Cost": 1.0, "Bidirectional": true },
    { "EdgeNodeIds": ["node1", "node10"], "Cost": 1.0, "Bidirectional": true },
    { "EdgeNodeIds": ["node2", "node3"], "Cost": 1.0, "Bidirectional": true },
    { "EdgeNodeIds": ["node2", "node9"], "Cost": 1.0, "Bidirectional": true },
    { "EdgeNodeIds": ["node3", "node4"], "Cost": 1.0,"Bidirectional": true },
    { "EdgeNodeIds": ["node3", "node8"], "Cost": 1.0, "Bidirectional": true },
    { "EdgeNodeIds": ["node4", "node5"], "Cost": 1.0, "Bidirectional": true },
    { "EdgeNodeIds": ["node4", "node7"], "Cost": 1.0,"Bidirectional": true },
    { "EdgeNodeIds": ["node5", "node6"], "Cost": 1.0, "Bidirectional": true },
    { "EdgeNodeIds": ["node6", "node7"], "Cost": 1.0, "Bidirectional": true },
    { "EdgeNodeIds": ["node6", "node14"], "Cost": 1.0, "Bidirectional": true },
    { "EdgeNodeIds": ["node7", "node8"], "Cost": 1.0, "Bidirectional": true },
    { "EdgeNodeIds": ["node7", "node13"], "Cost": 1.0, "Bidirectional": true },
    { "EdgeNodeIds": ["node8", "node9"], "Cost": 1.0, "Bidirectional": true },
    { "EdgeNodeIds": ["node8", "origin"], "Cost": 1.0,"Bidirectional": true },
    { "EdgeNodeIds": ["node9", "node10"], "Cost": 1.0, "Bidirectional": true },
    { "EdgeNodeIds": ["node9", "node12"], "Cost": 1.0, "Bidirectional": true },
    { "EdgeNodeIds": ["node10", "node11"], "Cost": 1.0,"Bidirectional": true },
    { "EdgeNodeIds": ["node11", "node12"], "Cost": 1.0, "Bidirectional": true },
    { "EdgeNodeIds": ["node11", "node19"], "Cost": 1.0, "Bidirectional": true },
    { "EdgeNodeIds": ["node12", "origin"], "Cost": 1.0, "Bidirectional": true },
    { "EdgeNodeIds": ["node12", "node18"], "Cost": 1.0, "Bidirectional": true },
    { "EdgeNodeIds": ["origin", "node13"], "Cost": 1.0, "Bidirectional": true },
    { "EdgeNodeIds": ["origin", "node17"], "Cost": 1.0, "Bidirectional": true },
    { "EdgeNodeIds": ["node13", "node14"], "Cost": 1.0,"Bidirectional": true },
    { "EdgeNodeIds": ["node13", "node16"], "Cost": 1.0, "Bidirectional": true },
    { "EdgeNodeIds": ["node14", "node15"], "Cost": 1.0, "Bidirectional": true },
    { "EdgeNodeIds": ["node15", "node16"], "Cost": 1.0,"Bidirectional": true },
    { "EdgeNodeIds": ["node15", "node24"], "Cost": 1.0, "Bidirectional": true },
    { "EdgeNodeIds": ["node16", "node17"], "Cost": 1.0, "Bidirectional": true },
    { "EdgeNodeIds": ["node16", "node23"], "Cost": 1.0, "Bidirectional": true },
    { "EdgeNodeIds": ["node17", "node18"], "Cost": 1.0, "Bidirectional": true },
    { "EdgeNodeIds": ["node17", "node22"], "Cost": 1.0, "Bidirectional": true },
    { "EdgeNodeIds": ["node18", "node19"], "Cost": 1.0, "Bidirectional": true },
    { "EdgeNodeIds": ["node18", "node21"], "Cost": 1.0,"Bidirectional": true },
    { "EdgeNodeIds": ["node19", "node20"], "Cost": 1.0, "Bidirectional": true },
    { "EdgeNodeIds": ["node20", "node21"], "Cost": 1.0, "Bidirectional": true },
    { "EdgeNodeIds": ["node21", "node22"], "Cost": 1.0,"Bidirectional": true },
    { "EdgeNodeIds": ["node22", "node23"], "Cost": 1.0, "Bidirectional": true },
    { "EdgeNodeIds": ["node23", "node24"], "Cost": 1.0, "Bidirectional": true }
  ],
  "Clients": [
    { "UpstreamId": "node1", "RequestModelId": "gamma", "TrafficWeight": 1.0 },
    { "UpstreamId": "node2", "RequestModelId": "gamma", "TrafficWeight": 1.0 },
    { "UpstreamId": "node3", "RequestModelId": "gamma", "TrafficWeight": 1.0 },
    { "UpstreamId": "node4", "RequestModelId": "gamma", "TrafficWeight": 1.0 },
    { "UpstreamId": "node5", "RequestModelId": "gamma", "TrafficWeight": 1.0 },
    { "UpstreamId": "node6", "RequestModelId": "gamma", "TrafficWeight": 1.0 },
    { "UpstreamId": "node7", "RequestModelId": "gamma", "TrafficWeight": 1.0 },
    { "UpstreamId": "node8", "RequestModelId": "gamma", "TrafficWeight": 1.0 },
    { "UpstreamId": "node9", "RequestModelId": "gamma", "TrafficWeight": 1.0 },
    { "UpstreamId": "node10", "RequestModelId": "gamma", "TrafficWeight": 1.0 },
    { "UpstreamId": "node11", "RequestModelId": "gamma", "TrafficWeight": 1.0 },
    { "UpstreamId": "node12", "RequestModelId": "gamma", "TrafficWeight": 1.0 },
    { "UpstreamId": "node13", "RequestModelId": "gamma", "TrafficWeight": 1.0 },
    { "UpstreamId": "node14", "RequestModelId": "gamma", "TrafficWeight": 1.0 },
    { "UpstreamId": "node15", "RequestModelId": "gamma", "TrafficWeight": 1.0 },
    { "UpstreamId": "node16", "RequestModelId": "gamma", "TrafficWeight": 1.0 },
    { "UpstreamId": "node17", "RequestModelId": "gamma", "TrafficWeight": 1.0 },
    { "UpstreamId": "node18", "RequestModelId": "gamma", "TrafficWeight": 1.0 },
    { "UpstreamId": "node19", "RequestModelId": "gamma", "TrafficWeight": 1.0 },
    { "UpstreamId": "node20", "RequestModelId": "gamma", "TrafficWeight": 1.0 },
    { "UpstreamId": "node21", "RequestModelId": "gamma", "TrafficWeight": 1.0 },
    { "UpstreamId": "node22", "RequestModelId": "gamma", "TrafficWeight": 1.0 },
    { "UpstreamId": "node23", "RequestModelId": "gamma", "TrafficWeight": 1.0 },
    { "UpstreamId": "node24", "RequestModelId": "gamma", "TrafficWeight": 1.0 }   
  ]
}
